{
    "Beta": 0.40002512015068714,
    "RT_eff": 2.4998430089173045,
    "logK": 7.279189675102246,
    "K": 1449.8127296412667,
    "RNA_model": "rna2004",
    "auto_dangles": true,
    "dangles_default": "all",
    "temp": 37.0,
    "optimal_spacing": 5,
    "cutoff": 35,
    "dG_spacing_constant_push": [
        17.20915432948599,
        3.4650720179256957,
        1.7909510238946071,
        3.0
    ],
    "dG_spacing_constant_pull": [
        0.06422076140981704,
        0.27563602291705863,
        0.0
    ],
    "standby_site_length": 4,
    "start_codons": [
        "ATG",
        "AUG",
        "GTG",
        "GUG",
        "TTG",
        "UUG"
    ],
    "footprint": 1000,
    "energy_cutoff": 3.0,
    "verbose": false
}