names,values
Beta,0.40979190197732684
RTeff,2.4402629607242177
LogK,7.521443718329912
K,1847.232252928569
spacing.stretched.c1,0.06343062069163427
spacing.stretched.c2,0.28343430634255684
spacing.compressed.c1,16.823027927747933
spacing.compressed.c2,3.485560868015658
spacing.compressed.c3,1.7653834401602901
spacing.compressed.c4,3
