names,values
Beta,0.40002512015068475
RTeff,2.4998430089173196
LogK,7.279194329122399
K,1449.8194771146302
spacing.stretched.c1,0.06422042036826707
spacing.stretched.c2,0.2756408362708161
spacing.compressed.c1,17.209650707798843
spacing.compressed.c2,3.463414919807489
spacing.compressed.c3,1.790848364835716
spacing.compressed.c4,3
