names,values
Beta,0.39017060281557797
RTeff,2.562981405528059
LogK,7.316251063348763
K,1504.5529101010952
spacing.stretched.c1,0.06300525073127068
spacing.stretched.c2,0.28628908528552754
spacing.compressed.c1,17.61887530819347
spacing.compressed.c2,3.724962718077992
spacing.compressed.c3,1.9398503790316965
spacing.compressed.c4,3
