{
    "TCTAGAGAAAGAGGGGACAAACTAGATG": {
        "findings": [
            [
                83763.04351081673,
                25,
                0.8928571428571429,
                -7.803,
                0.0
            ]
        ],
        "details": [
            [
                -7.428,
                -1.194,
                -3.3,
                0.0
            ]
        ]
    },
    "TCTAGAGAAAGACAGGACCCACTAGATG": {
        "findings": [
            [
                23459.24427263727,
                25,
                0.8928571428571429,
                -4.975,
                0.0
            ]
        ],
        "details": [
            [
                -3.7,
                -1.194,
                -2.4,
                0.0
            ]
        ]
    },
    "TCTAGAGAAAGATCCGATGTACTAGATG": {
        "findings": [
            [
                13293.933901930182,
                16,
                0.8928571428571429,
                -3.713,
                0.0
            ],
            [
                6991.139539150768,
                25,
                0.8928571428571429,
                -2.285,
                0.0
            ]
        ],
        "details": [
            [
                -2.128,
                -1.194,
                -2.09,
                0.0
            ],
            [
                -0.7,
                -1.194,
                -2.09,
                0.0
            ]
        ]
    },
    "TCTAGAGAAAGATTAGACAAACTAGATG": {
        "findings": [
            [
                3894.5769558047127,
                25,
                0.8928571428571429,
                -0.9849999999999999,
                0.0
            ]
        ],
        "details": [
            [
                0.6,
                -1.194,
                -2.09,
                0.0
            ]
        ]
    },
    "TCTAGAGAAAGAAGGGACAGACTAGATG": {
        "findings": [
            [
                46285.67815151534,
                25,
                0.8928571428571429,
                -6.485,
                0.0
            ]
        ],
        "details": [
            [
                -4.9,
                -1.194,
                -2.09,
                0.0
            ]
        ]
    },
    "TCTAGAGAAAGACATGACGTACTAGATG": {
        "findings": [
            [
                17945.53477561713,
                13,
                0.8928571428571429,
                -4.37967441785916,
                0.0
            ],
            [
                6108.187386854053,
                25,
                0.8928571428571429,
                -1.9849999999999999,
                0.0
            ]
        ],
        "details": [
            [
                -2.79467441785916,
                -1.194,
                -2.09,
                0.0
            ],
            [
                -0.4,
                -1.194,
                -2.09,
                0.0
            ]
        ]
    },
    "TCTAGAGAAAGATAGGAGACACTAGATG": {
        "findings": [
            [
                79074.15961303079,
                25,
                0.8928571428571429,
                -7.674999999999999,
                0.0
            ]
        ],
        "details": [
            [
                -7.0,
                -1.194,
                -3.0,
                0.0
            ]
        ]
    },
    "TCTAGAGAAAGAAGAGACTCACTAGATG": {
        "findings": [
            [
                5627.818419653324,
                25,
                0.8928571428571429,
                -1.803,
                0.0
            ]
        ],
        "details": [
            [
                -2.128,
                -1.194,
                -4.0,
                0.0
            ]
        ]
    },
    "TCTAGAGAAAGACGAGATATACTAGATG": {
        "findings": [
            [
                13905.887811816567,
                25,
                0.8928571428571429,
                -3.8129999999999997,
                0.0
            ]
        ],
        "details": [
            [
                -2.2279999999999998,
                -1.194,
                -2.09,
                0.0
            ]
        ]
    },
    "TCTAGAGAAAGACTGGAGACACTAGATG": {
        "findings": [
            [
                26850.33051638258,
                25,
                0.8928571428571429,
                -5.2749999999999995,
                0.0
            ]
        ],
        "details": [
            [
                -6.3,
                -1.194,
                -4.7,
                0.0
            ]
        ]
    },
    "TCTAGAGAAAGAGGCGAATTACTAGATG": {
        "findings": [
            [
                28570.77497154365,
                25,
                0.8928571428571429,
                -5.413,
                0.0
            ]
        ],
        "details": [
            [
                -3.8280000000000003,
                -1.194,
                -2.09,
                0.0
            ]
        ]
    },
    "TCTAGAGAAAGAGGCGATACACTAGATG": {
        "findings": [
            [
                28570.77497154365,
                25,
                0.8928571428571429,
                -5.413,
                0.0
            ]
        ],
        "details": [
            [
                -3.8280000000000003,
                -1.194,
                -2.09,
                0.0
            ]
        ]
    },
    "TCTAGAGAAAGAGGTGACATACTAGATG": {
        "findings": [
            [
                6290.851910972324,
                13,
                0.8928571428571429,
                -2.05047441785916,
                0.0
            ],
            [
                24539.13351847863,
                25,
                0.8928571428571429,
                -5.074999999999999,
                0.0
            ]
        ],
        "details": [
            [
                -2.79467441785916,
                -0.0748,
                -3.3,
                0.0
            ],
            [
                -4.699999999999999,
                -1.194,
                -3.3,
                0.0
            ]
        ]
    },
    "TCTAGAGAAAGAGTGGAAAAACTAGATG": {
        "findings": [
            [
                5472.464567284249,
                12,
                0.8928571428571429,
                -1.7408,
                0.0
            ],
            [
                21536.64878061983,
                25,
                0.8928571428571429,
                -4.785,
                0.0
            ]
        ],
        "details": [
            [
                -1.275,
                -0.0748,
                -2.09,
                0.0
            ],
            [
                -3.2,
                -1.194,
                -2.09,
                0.0
            ]
        ]
    },
    "TCTAGAGAAAGATGAGAAGAACTAGATG": {
        "findings": [
            [
                3550.822649050439,
                11,
                0.8928571428571429,
                -0.7796744178591601,
                0.0
            ],
            [
                15679.087586927286,
                25,
                0.8928571428571429,
                -4.0796744178591595,
                0.0
            ]
        ],
        "details": [
            [
                0.8053255821408399,
                -1.194,
                -2.09,
                0.0
            ],
            [
                -2.49467441785916,
                -1.194,
                -2.09,
                0.0
            ]
        ]
    },
    "TCTAGAGAAAGAAGGGATACACTAGATG": {
        "findings": [
            [
                48416.32675602287,
                25,
                0.8928571428571429,
                -6.585,
                0.0
            ]
        ],
        "details": [
            [
                -5.0,
                -1.194,
                -2.09,
                0.0
            ]
        ]
    },